<modification>
	<id>Category banner</id>
	<version>1.1</version>
	<vqmver>2.4.0</vqmver>
	<author>vxinfosystem.com</author>
	<file name="admin/model/design/banner.php">
            <operation>
                <search position="replace" offset="3"><![CDATA[$this->db->query("INSERT INTO " . DB_PREFIX . "banner_image_description SET banner_image_id = '" . (int)$banner_image_id . "', language_id = '" . (int)$language_id . "', banner_id = '" . (int)$banner_id . "', title = '" .  $this->db->escape($banner_image_description['title']) . "'");]]>
                </search>
                <add><![CDATA[$this->db->query("INSERT INTO " . DB_PREFIX . "banner_image_description SET banner_image_id = '" . (int)$banner_image_id . "', language_id = '" . (int)$language_id . "', banner_id = '" . (int)$banner_id . "', title = '" .  $this->db->escape($banner_image_description['title']) . "'");
				}
			}
		}	
		return $banner_id;	]]></add>
            </operation>
			 <operation>
                <search position="after"><![CDATA[$this->db->query("DELETE FROM " . DB_PREFIX . "banner_image_description WHERE banner_id = '" . (int)$banner_id . "'");]]>
                </search>
                <add><![CDATA[//pk add
		$this->db->query("DELETE FROM " . DB_PREFIX . "banner_to_category WHERE banner_id = '" . (int)$banner_id . "'");
		//	
				]]></add>
            </operation>
			<operation>
                <search position="replace" offset="10"><![CDATA[if (isset($data['banner_image'])) {]]>
                </search>
                <add><![CDATA[
				if (isset($data['banner_image'])) {
			$image_row = 0;
			foreach ($data['banner_image'] as $banner_image) {
				$this->db->query("INSERT INTO " . DB_PREFIX . "banner_image SET banner_id = '" . (int)$banner_id . "', link = '" .  $this->db->escape($banner_image['link']) . "', image = '" .  $this->db->escape($banner_image['image']) . "'");
				
				$banner_image_id = $this->db->getLastId();
				
				foreach ($banner_image['banner_image_description'] as $language_id => $banner_image_description) {				
					$this->db->query("INSERT INTO " . DB_PREFIX . "banner_image_description SET banner_image_id = '" . (int)$banner_image_id . "', language_id = '" . (int)$language_id . "', banner_id = '" . (int)$banner_id . "', title = '" .  $this->db->escape($banner_image_description['title']) . "'");
				}
				//pk add
				if (isset($data['product_category'][$image_row])) {
					foreach ($data['product_category'][$image_row] as $category_id) {
							$this->db->query("INSERT INTO " . DB_PREFIX . "banner_to_category SET banner_image_id = '" . (int)$banner_image_id . "', category_id = '" . (int)$category_id . "', banner_id = '" . (int)$banner_id . "'");
						}
					}
				
			$image_row = $image_row+1;	
			}
		}	]]></add>
            </operation>
			<operation>
                <search position="replace"><![CDATA['image'                    => $banner_image['image']]]>
                </search>
                <add><![CDATA['image'                    => $banner_image['image']	,
				'banner_image_id'                    => $banner_image['banner_image_id']]]></add>
            </operation>
			<operation>
                <search position="replace" offset="1"><![CDATA[return $query->row['total'];]]>
                </search>
                <add><![CDATA[return $query->row['total'];
	}
	
	public function getBannerCategories($banner_image_id) {
		$banner_category_data = array();
		
		$query = $this->db->query("SELECT * FROM " . DB_PREFIX . "banner_to_category WHERE banner_image_id = '".$banner_image_id."'");
		
		foreach ($query->rows as $result) {
			$banner_category_data[] = $result['category_id'];
		}

		return $banner_category_data;
	}]]></add>
            </operation>
		</file>
        <file name="admin/view/template/design/banner_form.tpl">
            <operation>
                <search position="after"><![CDATA[<td class="left"><?php echo $entry_image; ?></td>]]>
                </search>
                <add><![CDATA[<td class="left">Categories</td>]]></add>
            </operation>
			<operation>
                <search position="replace"><![CDATA[<td colspan="3"></td>]]>
                </search>
                <add><![CDATA[<td colspan="4"></td>]]></add>
            </operation>
			<operation>
                <search position="after"><![CDATA[html += '<td class="left"><div class="image"><img src="<?php echo $no_image; ?>" alt="" id="thumb' + image_row + '" /><input type="hidden" name="banner_image[' + image_row + '][image]" value="" id="image' + image_row + '" /><br /><a onclick="image_upload(\'image' + image_row + '\', \'thumb' + image_row + '\');"><?php echo $text_browse; ?></a>&nbsp;&nbsp;|&nbsp;&nbsp;<a onclick="$(\'#thumb' + image_row + '\').attr(\'src\', \'<?php echo $no_image; ?>\'); $(\'#image' + image_row + '\').attr(\'value\', \'\');"><?php echo $text_clear; ?></a></div></td>';]]>
                </search>
                <add><![CDATA[html += '<td class="left"> You can select categories after save<input type="hidden" name="banner_image[' + image_row + '][banner_image_id]" value=""  /></td>';]]></add>
            </operation>
			<operation>
                <search position="after"><![CDATA[
                  <a onclick="image_upload('image<?php echo $image_row; ?>', 'thumb<?php echo $image_row; ?>');"><?php echo $text_browse; ?></a>&nbsp;&nbsp;|&nbsp;&nbsp;<a onclick="$('#thumb<?php echo $image_row; ?>').attr('src', '<?php echo $no_image; ?>'); $('#image<?php echo $image_row; ?>').attr('value', '');"><?php echo $text_clear; ?></a></div></td>]]>
                </search>
                <add><![CDATA[
                  <td>
				  <input type="hidden"  name="banner_image[<?php echo $image_row; ?>][banner_image_id]" value="<?php echo $banner_image['banner_image_id']; ?>"  />
                  <div class="scrollbox">
                  <?php $class = 'odd'; ?>
                  <?php foreach ($categories as $category) { ?>
                  <?php $class = ($class == 'even' ? 'odd' : 'even'); ?>
                  <div class="<?php echo $class; ?>">
                    <?php if (in_array($category['category_id'], $banner_category[$banner_image['banner_image_id']])) { ?>
                    <input type="checkbox" name="product_category[<?php echo $image_row; ?>][]" value="<?php echo $category['category_id']; ?>" checked="checked" />
                    <?php echo $category['name']; ?>
                    <?php } else { ?>
                    <input type="checkbox" name="product_category[<?php echo $image_row; ?>][]" value="<?php echo $category['category_id']; ?>" />
                    <?php echo $category['name']; ?>
                    <?php } ?>
                  </div>
                  <?php } ?>
                </div>
                <a onclick="$(this).parent().find(':checkbox').attr('checked', true);">Select All</a> / <a onclick="$(this).parent().find(':checkbox').attr('checked', false);">Unselect All</a>
				  </td>]]></add>
            </operation>
        </file>
		
		<file name="admin/controller/design/banner.php">
            <operation>
                <search position="replace"><![CDATA[$this->model_design_banner->addBanner($this->request->post);]]>
                </search>
                <add><![CDATA[$last_banner_image_id=$this->model_design_banner->addBanner($this->request->post);]]></add>
            </operation>
			<operation>
                <search position="replace"><![CDATA[$this->redirect($this->url->link('design/banner', 'token=' . $this->session->data['token'] . $url, 'SSL'));]]>
                </search>
                <add><![CDATA[$this->redirect($this->url->link('design/banner/update', 'token=' . $this->session->data['token'] . $url.'&banner_id='.$last_banner_image_id, 'SSL'));]]></add>
            </operation>
			<operation>
                <search position="after"><![CDATA[$this->data['banner_images'] = array();]]>
                </search>
                <add><![CDATA[$image_row = 0;]]></add>
            </operation>
			<operation>
                <search position="replace" offset="2"><![CDATA['thumb'                    => $this->model_tool_image->resize($image, 100, 100)]]>
                </search>
                <add><![CDATA['thumb'                    => $this->model_tool_image->resize($image, 100, 100),
				'banner_image_id'          => $banner_image['banner_image_id']
			);
			
			
			$this->data['banner_category'][$banner_image['banner_image_id']] = $this->model_design_banner->getBannerCategories($banner_image['banner_image_id']);	
			
			$image_row=$image_row+1;}]]></add>
            </operation>
			
			<operation>
                <search position="before"><![CDATA[$this->response->setOutput($this->render());]]>
                </search>
                <add><![CDATA[//start category
		$this->load->model('catalog/category');
		
		$this->data['categories'] = $this->model_catalog_category->getCategories(0);
		
		if (isset($this->request->post['product_category'])) {
			$this->data['product_category'] = $this->request->post['product_category'];
		} elseif (isset($this->request->get['product_id'])) {
			$this->data['product_category'] = $this->model_catalog_product->getProductCategories($this->request->get['product_id']);
		} else {
			$this->data['product_category'] = array();
		}
		//end category	
		
		if (isset($this->request->post['product_related'])) {
			$products = $this->request->post['product_related'];
		} elseif (isset($this->request->get['product_id'])) {		
			$products = $this->model_catalog_product->getProductRelated($this->request->get['product_id']);
		} else {
			$products = array();
		}]]></add>
            </operation>
		</file>
		<file name="catalog/model/design/banner.php">
            <operation>
                <search position="replace" offset="4"><![CDATA[public function getBanner($banner_id) {]]>
                </search>
                <add><![CDATA[public function getBanner($banner_id) {
		if(isset($this->request->get['path'])){$path=$this->request->get['path'];}else{$path='';}
		if(isset($this->request->get['route'])){$route=$this->request->get['route'];}else{$route='';}
		
		if($route=='product/category') {
		$query = $this->db->query("SELECT * FROM " . DB_PREFIX . "banner_image bi INNER JOIN " . DB_PREFIX . "banner_to_category btc ON (bi.banner_image_id  = btc.banner_image_id and btc.category_id='".$path."')  LEFT JOIN " . DB_PREFIX . "banner_image_description bid ON (bi.banner_image_id  = bid.banner_image_id) WHERE bi.banner_id = '" . (int)$banner_id . "' AND bid.language_id = '" . (int)$this->config->get('config_language_id') . "'");
		}
		else if($route=='product/product'){
			$query = $this->db->query("SELECT * FROM " . DB_PREFIX . "banner_image bi INNER JOIN " . DB_PREFIX . "banner_to_category btc ON (bi.banner_image_id  = btc.banner_image_id and btc.category_id='".$path."')  LEFT JOIN " . DB_PREFIX . "banner_image_description bid ON (bi.banner_image_id  = bid.banner_image_id) WHERE bi.banner_id = '" . (int)$banner_id . "' AND bid.language_id = '" . (int)$this->config->get('config_language_id') . "'");
		}
		else
		{
			$query = $this->db->query("SELECT * FROM " . DB_PREFIX . "banner_image bi LEFT JOIN " . DB_PREFIX . "banner_image_description bid ON (bi.banner_image_id  = bid.banner_image_id) WHERE bi.banner_id = '" . (int)$banner_id . "' AND bid.language_id = '" . (int)$this->config->get('config_language_id') . "'");
		
		}
		
		return $query->rows;
	}]]></add>
            </operation>
		</file>
</modification>